SR51-N,315879,0.10
SR51-S,315861,0.10
SR51-N,313956,0.10
SR51-S,312852,0.10
SR57-S,1201991,0.15
SR57-S,1211954,0.15
SR57-N,1211906,0.37
SR57-N,1211907,0.37
I405-N,1211067,0.37
I405-S,1211065,0.37
I405-N,1211066,0.37
I405-S,1201118,0.37
SR57-S,1209033,0.43
SR57-S,1201998,0.43
SR57-N,1211939,0.47
SR57-N,1202011,0.49
I405-S,1201085,0.54
I405-S,1201087,0.54
SR57-N,1202022,0.57
SR134-E,761017,0.59
SR134-E,761016,0.59
SR57-N,1202024,0.66
I405-N,1208954,0.70
I405-N,1201100,0.70
I405-S,1201110,0.73
I405-S,1201112,0.73
I405-N,1209043,0.88
I405-N,1201125,0.88
SR57-S,1209035,0.90
SR57-S,1202040,0.90
SR57-N,1209029,0.95
SR57-N,1202053,0.95
SR134-E,760975,0.95
SR134-E,717570,0.95
SR51-S,315860,1.1
SR51-S,312854,1.19
I405-N,1209090,1.34
I405-S,1201131,1.34
I405-N,1209092,1.34
I405-S,1209091,1.34
SR57-N,1213627,1.466
SR57-N,1213618,1.466
SR91-W,765594,1.548
SR91-W,717368,1.548
SR57-S,1213628,1.551
SR57-S,1213624,1.551
I605-N,1202527,1.669
I405-N,1209163,1.7
I405-S,1201134,1.7
I405-N,1209162,1.7
I405-S,1209161,1.7
SR57-S,1209037,1.751
SR57-S,1202078,1.751
SR57-N,1202091,1.766
SR57-N,1202093,1.766
I105-E,763634,1.8
I105-W,766873,1.8
I105-E,760063,1.8
I105-W,716407,1.8
SR134-W,761022,1.9
SR134-W,718496,1.9
SR134-W,774206,1.92
SR134-W,774204,1.92
SR57-S,1209039,1.931
SR57-S,1202105,1.931
I605-N,1213789,1.959
SR57-N,1202116,1.966
SR134-E,773881,2
SR134-E,773880,2
SR57-N,1202118,2.006
SR14-N,764260,2.062
SR14-N,764262,2.062
SR134-E,760989,2.11
SR134-E,760987,2.11
I405-N,1209177,2.12
I405-S,1209179,2.12
I405-N,1209176,2.12
I405-S,1209178,2.12
SR57-N,1213743,2.166
SR57-N,1213741,2.166
SR91-E,763604,2.268
SR91-W,765793,2.268
SR91-E,717376,2.268
SR91-W,717375,2.268
SR134-E,773891,2.3
SR134-E,773890,2.3
SR170-N,765605,2.346
SR170-S,766971,2.346
SR170-N,765604,2.346
SR170-S,764101,2.346
I105-E,767839,2.5
I105-E,767838,2.5
SR57-N,1202144,2.566
I105-W,763710,2.6
I105-W,716409,2.6
SR57-S,1202130,2.621
SR57-S,1202132,2.621
SR57-N,1202146,2.646
I405-S,1201143,2.65
I405-S,1201145,2.65
I405-N,1213966,2.66
I405-N,1213963,2.66
I405-N,1201157,2.76
SR57-N,1202170,2.766
SR57-S,1202158,2.801
SR57-S,1202160,2.801
I405-N,1201159,2.81
I105-E,773658,2.82
I105-E,773656,2.82
SR57-N,1202172,2.826
SR134-W,761025,2.86
SR134-W,717572,2.86
SR22-E,1214852,2.867
SR22-E,1214853,2.867
SR134-E,760994,3.04
SR134-E,717573,3.04
SR170-N,765608,3.046
SR170-S,717609,3.046
SR170-N,764106,3.046
SR170-S,717608,3.046
I405-N,1209187,3.08
I405-S,1209190,3.08
I405-N,1209059,3.08
I405-S,1209189,3.08
I605-N,767321,3.082
I605-S,766522,3.082
I605-N,761844,3.082
I605-S,737504,3.082
SR14-S,764281,3.092
SR14-S,764283,3.092
SR91-W,759981,3.098
SR91-W,717378,3.098
I105-E,760073,3.1
I105-E,760074,3.1
SR91-E,759996,3.108
SR91-E,717379,3.108
SR57-N,1213103,3.166
SR57-N,1213105,3.166
SR22-E,1215235,3.197
SR22-E,1215236,3.197
SR22-E,1214857,3.207
SR22-E,1202595,3.207
SR57-S,1213104,3.251
SR57-S,1213106,3.251
SR14-N,764274,3.262
SR14-N,764276,3.262
I105-W,760424,3.3
I105-W,760426,3.3
SR14-S,764288,3.332
SR14-S,764290,3.332
SR134-E,773871,3.4
SR134-W,773872,3.4
SR134-E,773869,3.4
SR134-W,773870,3.4
SR14-N,764267,3.482
SR14-N,764269,3.482
SR22-E,1214868,3.527
SR22-W,1214870,3.527
SR22-E,1214869,3.527
SR22-W,1214871,3.527
I105-E,760085,3.6
I105-E,760080,3.6
I405-S,1209046,3.61
I405-S,1201171,3.61
I405-N,1201183,3.63
I405-N,1201185,3.63
SR57-N,1213120,3.666
SR57-N,1213122,3.666
SR91-W,759982,3.668
SR91-W,717380,3.668
SR170-N,765610,3.686
SR170-S,761061,3.686
SR170-N,764424,3.686
SR170-S,717610,3.686
I605-S,766525,3.722
I605-S,717833,3.722
I605-N,766508,3.732
I605-N,717836,3.732
SR134-W,761027,3.75
SR134-W,718499,3.75
SR57-S,1213119,3.751
SR57-S,1213121,3.751
I405-N,1201209,3.8
I405-S,1209047,3.8
I405-N,1201211,3.8
I405-S,1201197,3.8
SR134-E,763323,3.88
SR134-E,761003,3.88
I605-N,766510,3.902
I605-S,766528,3.902
I605-N,717839,3.902
I605-S,717838,3.902
SR22-E,1215078,3.947
SR22-W,1215077,3.947
SR22-E,1202614,3.947
SR22-W,1202610,3.947
SR57-N,1202199,3.966
SR57-N,1202201,3.996
I105-W,760432,4
I105-W,716413,4
SR57-S,1202184,4.001
SR57-S,1202186,4.001
SR91-E,717385,4.128
SR91-E,717383,4.128
SR57-N,1202228,4.166
SR57-N,1202230,4.166
SR22-E,1215090,4.167
SR22-W,1215089,4.167
SR22-E,1215092,4.167
SR22-W,1215091,4.167
SR57-S,1202213,4.181
SR57-S,1202215,4.181
I105-E,760090,4.2
I105-E,716414,4.2
SR170-N,765612,4.246
SR170-S,761066,4.246
SR170-N,764115,4.246
SR170-S,717612,4.246
I605-N,766512,4.332
I605-S,766530,4.332
I605-N,716760,4.332
I605-S,717842,4.332
SR22-E,1215096,4.337
SR22-W,1215097,4.337
SR22-E,1202627,4.337
SR22-W,1202631,4.337
SR57-N,1213131,4.366
SR57-N,1213036,4.366
SR170-S,761076,4.386
SR170-S,761070,4.386
SR57-S,1213132,4.451
SR57-S,1213133,4.451
SR91-E,763602,4.478
SR91-E,717387,4.478
I105-W,760442,4.5
I105-W,760440,4.5
I105-E,760100,4.6
I105-E,760101,4.6
SR57-N,1213754,4.666
SR57-N,1213041,4.666
SR134-E,761033,4.69
SR134-W,761031,4.69
SR134-E,718204,4.69
SR134-W,717576,4.69
SR57-S,1213755,4.751
SR57-S,1213721,4.751
SR14-S,764295,4.752
SR14-S,764297,4.752
I405-N,1201229,4.78
I405-S,1201227,4.78
I405-N,1201222,4.78
I405-S,1201217,4.78
I105-W,760454,4.8
SR134-E,773907,4.8
SR134-W,773908,4.8
I105-W,760452,4.8
SR134-E,773904,4.8
SR134-W,773906,4.8
I405-N,1209075,4.82
I405-S,1209068,4.82
I405-N,1209076,4.82
I405-S,1209070,4.82
I605-N,766514,4.842
I605-S,766532,4.842
I605-N,717143,4.842
I605-S,717843,4.842
SR22-E,1214763,4.897
SR22-E,1202648,4.897
I105-E,760110,4.9
I105-E,760112,4.9
SR22-W,1214816,4.907
SR22-W,1202663,4.907
SR57-N,1213709,4.966
SR57-N,1213672,4.966
I605-N,766516,4.982
I605-S,766534,4.982
I605-N,717844,4.982
I605-S,717846,4.982
SR134-E,773955,5
SR134-W,773956,5
SR134-E,773953,5
SR134-W,773954,5
SR91-E,759965,5.028
SR91-E,717390,5.028
SR57-S,1213710,5.051
SR57-S,1213673,5.051
SR22-E,1214821,5.187
SR22-W,1214811,5.187
SR22-E,1202691,5.187
SR22-W,1202676,5.187
SR14-N,764302,5.192
SR14-N,764304,5.192
I405-S,1201238,5.27
I405-S,1201240,5.27
SR170-N,765614,5.276
SR170-S,761079,5.276
SR170-N,764120,5.276
SR170-S,716571,5.276
I405-N,1201259,5.32
I405-N,1201254,5.32
SR71-S,817586,5.329
SR71-S,812586,5.329
SR91-E,773383,5.398
SR91-W,773384,5.398
SR91-E,773381,5.398
SR91-W,773382,5.398
I405-S,1201268,5.46
I405-S,1201270,5.46
SR22-E,1214936,5.487
SR22-W,1214937,5.487
SR22-E,1214938,5.487
SR22-W,1214939,5.487
SR71-N,819305,5.494
SR71-N,819303,5.494
I105-E,760117,5.5
I105-W,760460,5.5
I105-E,716419,5.5
I105-W,716420,5.5
I405-N,1201281,5.51
I405-N,1201283,5.51
I605-N,766518,5.732
I605-S,766536,5.732
I605-N,717850,5.732
I605-S,717847,5.732
SR91-E,763473,5.778
SR91-W,717394,5.778
SR91-E,717393,5.778
SR91-W,717392,5.778
SR22-E,1214953,5.797
SR22-W,1214952,5.797
SR22-E,1214955,5.797
SR22-W,1214954,5.797
SR57-S,1202246,5.811
SR57-S,1202248,5.811
SR71-N,812590,5.815
SR71-N,812588,5.815
I405-S,1201290,5.87
I605-N,766520,5.872
I605-N,717851,5.872
I605-S,766538,5.882
I605-S,717853,5.882
SR14-S,764309,5.932
SR14-S,764311,5.932
I405-N,1201304,5.98
I405-N,1201298,5.98
I405-S,1201292,5.98
I105-E,760122,6
I105-W,760465,6
I105-E,716421,6
I105-W,716422,6
SR71-S,812602,6.047
SR71-S,812601,6.047
SR22-E,1214781,6.057
SR22-W,1214780,6.057
SR22-E,1202705,6.057
SR22-W,1202701,6.057
SR134-E,761005,6.1
SR55-N,1214374,6.1
SR134-E,717578,6.1
SR55-N,1214373,6.1
SR14-N,764316,6.322
SR14-S,766998,6.322
SR14-N,764318,6.322
SR14-S,764322,6.322
SR55-N,1214323,6.35
SR55-S,1214324,6.35
SR55-N,1214321,6.35
SR55-S,1214322,6.35
I605-N,762649,6.362
I605-S,762648,6.362
I605-N,717854,6.362
I605-S,716775,6.362
SR57-N,1213022,6.446
SR57-N,1213023,6.446
SR22-E,1214826,6.447
SR22-W,1214832,6.447
SR22-E,1202720,6.447
SR22-W,1202724,6.447
SR134-E,761009,6.48
SR134-E,717580,6.48
I105-W,760476,6.5
I105-W,760473,6.5
SR134-W,761044,6.503
SR134-W,716554,6.503
SR57-S,1202276,6.531
SR57-S,1202278,6.531
I405-S,1201313,6.57
I405-S,1201315,6.57
I105-E,760130,6.6
I105-E,716424,6.6
SR71-N,812610,6.612
SR71-N,812609,6.612
I405-N,1201331,6.62
I405-N,1201333,6.62
SR134-W,761041,6.693
SR134-W,717582,6.693
SR170-N,765616,6.706
SR170-S,761081,6.706
SR170-N,763995,6.706
SR170-S,717613,6.706
SR57-S,1202288,6.761
SR57-S,1202290,6.761
I405-S,1201348,6.78
I405-S,1201350,6.78
SR71-N,812649,6.829
SR71-N,812648,6.829
I405-N,1201363,6.84
I405-N,1201365,6.84
I605-N,767233,6.852
SR55-S,1203108,6.88
SR55-S,1203110,6.88
SR170-S,761085,6.886
SR170-S,716573,6.886
I605-N,767234,6.952
I605-S,763679,6.952
I605-S,716776,6.952
SR71-S,812652,6.958
SR71-S,812651,6.958
SR91-W,717400,7.008
SR91-W,717399,7.008
SR22-E,1215072,7.027
SR22-W,1215071,7.027
SR22-W,1202738,7.027
SR55-S,1203134,7.03
SR55-S,1203136,7.03
SR22-E,1202742,7.087
I105-W,760490,7.1
I105-W,716426,7.1
SR55-N,1203148,7.1
SR55-N,1203146,7.16
SR22-E,1214970,7.227
SR22-W,1214971,7.227
SR22-E,1202753,7.227
SR22-W,1214972,7.227
SR91-E,759967,7.258
SR91-E,717402,7.258
SR170-N,765618,7.356
SR170-N,764430,7.356
SR134-E,761014,7.41
SR134-E,717583,7.41
I405-S,1201380,7.46
I405-S,1201382,7.46
I605-N,762653,7.482
I605-S,762652,7.482
I605-N,717857,7.482
I605-S,716778,7.482
I405-N,1201397,7.5
I405-N,1201399,7.5
SR22-E,1214986,7.507
SR22-W,1214985,7.507
SR22-E,1214988,7.507
SR22-W,1214987,7.507
SR91-W,759984,7.508
SR91-W,717404,7.508
SR57-S,1202320,7.531
SR57-S,1202322,7.531
I105-E,765476,7.55
I105-E,760166,7.56
SR55-S,1203159,7.62
SR55-S,1203161,7.62
SR134-W,761038,7.673
SR134-W,717099,7.673
SR57-S,1202351,7.721
SR57-S,1202353,7.721
I605-S,762655,7.792
I605-S,717859,7.792
SR22-E,1215001,7.797
SR22-W,1215000,7.797
SR22-E,1215003,7.797
SR22-W,1215002,7.797
I105-E,760139,7.8
I105-W,760147,7.8
I105-E,716427,7.8
I105-W,716428,7.8
I605-N,762610,7.822
I605-N,717858,7.822
SR134-E,717586,7.84
SR134-E,717585,7.84
SR55-N,1203170,7.85
SR55-N,1203172,7.85
SR71-N,819277,7.91
SR71-N,819276,7.91
I605-S,762657,7.932
I605-S,717862,7.932
I605-N,762612,7.972
I605-N,717863,7.972
SR134-E,717588,7.98
SR134-E,717587,7.98
SR91-W,717412,7.998
SR91-W,717410,7.998
I405-S,1201407,8.03
I405-S,1201406,8.03
SR22-E,1214803,8.067
SR22-W,1214804,8.067
SR22-E,1214805,8.067
SR22-W,1214806,8.067
SR55-N,1203182,8.12
SR55-S,1208965,8.12
SR55-N,1203184,8.12
SR55-S,1203188,8.12
SR71-N,812655,8.144
SR71-N,812654,8.144
I405-S,1201417,8.17
I405-S,1201419,8.17
I105-E,760173,8.2
I105-W,716432,8.2
I105-E,716431,8.2
I105-W,760496,8.2
SR91-E,768934,8.208
SR91-E,765467,8.208
I605-N,763654,8.342
I605-S,763656,8.342
I605-N,716784,8.342
I605-S,717865,8.342
SR22-E,1214790,8.397
SR22-W,1214785,8.397
SR22-E,1202779,8.397
SR22-W,1202766,8.397
I105-E,760178,8.4
I105-W,760505,8.4
I105-E,716433,8.4
I105-W,716434,8.4
SR134-W,774055,8.403
SR134-W,774053,8.403
SR134-E,774056,8.42
SR134-E,774054,8.42
SR14-S,766992,8.463
SR14-S,766703,8.463
I405-N,1214260,8.47
I405-N,1214212,8.47
SR91-W,768937,8.548
SR91-W,717413,8.548
SR55-N,1214255,8.6
SR55-S,1214254,8.6
SR55-N,1214253,8.6
SR55-S,1214215,8.6
SR91-W,717417,8.648
SR91-W,717416,8.648
SR14-N,766969,8.663
SR14-N,766694,8.663
SR71-S,812658,8.687
SR71-S,812657,8.687
SR134-W,761035,8.743
SR134-W,717590,8.743
SR22-E,1215063,8.747
SR22-W,1215062,8.747
SR22-E,1202785,8.747
SR22-W,1202789,8.747
SR22-E,1215251,8.757
SR22-W,1215249,8.757
SR22-E,1215252,8.757
SR22-W,1215250,8.757
I605-S,762659,8.772
I605-S,717867,8.772
SR91-E,717419,8.798
SR91-E,717418,8.798
I105-W,760519,8.8
I105-W,760512,8.8
SR71-N,819252,8.848
SR71-N,819253,8.848
I605-S,762661,8.892
I605-S,717871,8.892
I605-N,766852,8.902
I605-N,766851,8.902
SR134-E,717593,8.92
SR134-E,717592,8.92
I405-N,1214243,8.97
I405-S,1214242,8.97
I405-N,1214238,8.97
I405-S,1214209,8.97
I605-N,763464,8.982
I605-N,716788,8.982
I105-E,760188,9
I105-E,760187,9
SR57-S,1202392,9.081
SR57-S,1202394,9.081
SR22-E,1214892,9.177
SR22-W,1214893,9.177
SR22-E,1214894,9.177
SR22-W,1202803,9.177
SR55-S,1203204,9.19
SR55-S,1203206,9.19
SR134-W,773977,9.213
SR134-W,773975,9.213
SR91-E,717422,9.218
SR91-W,763466,9.218
SR91-E,717420,9.218
SR91-W,717421,9.218
SR134-E,773976,9.23
I405-N,1201451,9.23
SR134-E,773974,9.23
I405-N,1201453,9.23
SR57-S,1202420,9.291
SR57-S,1202422,9.291
I405-S,1201467,9.31
I405-S,1201469,9.31
I605-S,763999,9.352
I605-S,764001,9.352
I605-N,763658,9.382
I605-N,717864,9.382
SR22-W,1214899,9.387
SR22-W,1202814,9.387
SR55-N,1203219,9.41
SR55-N,1203221,9.41
I405-N,1201487,9.42
I405-N,1201481,9.42
SR22-E,1215055,9.477
SR22-E,1202827,9.477
I105-W,760525,9.5
I105-W,716437,9.5
SR91-E,768899,9.538
SR91-W,759986,9.538
SR91-E,768898,9.538
SR91-W,717424,9.538
SR134-W,773998,9.573
SR134-W,773996,9.573
SR134-E,773997,9.59
SR134-E,773995,9.59
SR71-N,812777,9.635
SR71-N,812776,9.635
I405-N,1214082,9.67
I405-S,1214083,9.67
I405-N,1214080,9.67
I405-S,1214081,9.67
I105-E,760199,9.7
I105-E,760196,9.7
SR22-E,1215015,9.757
SR22-W,1215016,9.757
SR22-E,1215017,9.757
SR22-W,1215018,9.757
SR91-E,768909,9.758
SR91-W,768908,9.758
SR91-E,717426,9.758
SR91-W,768907,9.758
SR71-S,812789,9.834
SR71-S,812788,9.834
SR55-N,1203254,9.84
SR55-S,1203239,9.84
SR71-N,812801,9.846
SR71-N,812800,9.846
I605-N,762616,9.852
I605-N,761675,9.852
I605-S,762663,9.952
I605-S,737152,9.952
SR55-N,1203252,10
SR55-S,1203237,10
SR71-S,812812,10.033
SR71-S,812811,10.033
SR57-S,1202449,10.051
SR57-S,1202451,10.051
I105-W,760532,10.1
I105-W,760535,10.1
SR22-E,1214771,10.137
SR22-W,1214770,10.137
SR22-E,1202844,10.137
SR22-W,1202840,10.137
SR55-N,1209861,10.182
SR55-N,1209860,10.182
I405-S,1209218,10.25
I405-S,1209217,10.25
SR55-N,1209874,10.382
SR55-S,1203264,10.382
SR55-N,1209873,10.382
SR55-S,1203266,10.382
I605-S,762665,10.392
I605-S,717872,10.392
SR57-N,1209031,10.426
SR57-N,1202464,10.426
SR55-N,1209890,10.482
SR55-S,1209889,10.482
SR55-N,1209888,10.482
SR55-S,1203271,10.482
SR22-E,1215051,10.497
SR22-E,1202855,10.497
I105-E,760206,10.5
I105-W,760207,10.5
I105-E,716440,10.5
I105-W,716441,10.5
I605-N,717876,10.552
I605-N,717875,10.552
SR134-W,774014,10.643
SR134-W,774012,10.643
SR134-E,774013,10.66
SR134-E,774011,10.66
SR14-S,766994,10.663
SR14-S,766712,10.663
I405-N,1201508,10.67
I405-N,1201510,10.67
SR71-N,819296,10.764
SR71-N,819294,10.764
SR91-E,768914,10.798
SR91-W,767313,10.798
SR91-E,716313,10.798
SR91-W,716314,10.798
SR55-N,1209049,10.822
SR55-S,1203282,10.822
SR55-N,1203288,10.822
SR55-S,1203284,10.822
SR71-N,812745,10.859
SR71-N,812744,10.859
SR22-E,1215041,10.897
SR22-W,1215042,10.897
SR22-E,1215043,10.897
SR22-W,1215044,10.897
I105-E,760213,10.9
I105-W,763716,10.9
I105-E,716442,10.9
I105-W,716443,10.9
I405-S,1201523,10.97
I405-S,1201525,10.97
I110-S,771232,11.04
I110-S,763621,11.04
SR55-N,1203301,11.082
SR55-N,1203303,11.082
SR14-N,766967,11.163
SR14-N,766721,11.163
I405-N,1201539,11.17
I405-N,1201541,11.17
I605-S,762667,11.216
I605-S,717877,11.216
SR22-W,1214742,11.251
SR22-W,1202872,11.251
SR22-E,1215108,11.261
SR22-E,1202885,11.261
SR57-N,1211869,11.266
SR57-N,1211870,11.266
I405-S,1201556,11.27
I405-S,1201558,11.27
SR71-N,812822,11.298
SR71-N,812821,11.298
SR91-E,766210,11.368
SR91-W,766212,11.368
SR91-E,766209,11.368
SR91-W,766211,11.368
I405-N,1213651,11.37
I405-N,1213650,11.37
I105-W,760561,11.4
I105-W,760558,11.4
US50-E,318890,11.404
US50-W,318892,11.404
US50-E,313753,11.404
US50-W,313747,11.404
SR57-S,1209041,11.411
SR57-S,1202475,11.411
SR22-E,1214714,11.461
SR22-W,1214713,11.461
SR22-E,1214715,11.461
SR22-W,1211641,11.461
SR134-W,763612,11.473
SR134-W,717597,11.473
SR134-E,763606,11.52
SR134-E,717595,11.52
I105-W,760572,11.6
I105-W,760568,11.6
SR55-S,1203315,11.602
SR55-S,1203317,11.602
SR134-W,774034,11.623
SR134-W,774032,11.623
SR134-E,774033,11.64
SR134-E,774031,11.64
SR71-S,812832,11.66
SR71-S,812831,11.66
SR22-E,1214723,11.691
SR22-E,1202901,11.691
I105-E,760224,11.7
I105-E,760226,11.7
SR22-W,1214706,11.701
SR22-W,1202912,11.701
SR55-N,1203329,11.722
SR55-N,1203331,11.722
I605-N,763693,11.802
I605-S,762669,11.802
I605-N,717879,11.802
I605-S,716797,11.802
SR71-N,819326,11.87
SR71-N,819324,11.87
US50-E,318888,11.896
US50-W,318886,11.896
US50-E,313897,11.896
US50-W,313890,11.896
I105-E,760237,11.9
I105-E,760236,11.9
SR22-E,1215115,11.911
SR22-W,1215114,11.911
I405-N,1209244,11.93
I405-S,1209242,11.93
I405-N,1209243,11.93
I405-S,1209241,11.93
SR91-E,759974,11.958
SR91-W,717429,11.958
SR91-E,717431,11.958
SR91-W,717428,11.958
SR55-N,1203340,11.982
SR55-N,1203342,11.982
SR22-E,1212170,12.091
SR22-W,1202929,12.091
I105-W,760545,12.1
I105-W,716448,12.1
I110-N,772078,12.17
I110-S,771223,12.17
I110-N,716490,12.17
I110-S,716491,12.17
SR91-E,759975,12.208
SR91-W,759987,12.208
SR91-E,717434,12.208
SR91-W,717433,12.208
SR134-W,763610,12.253
SR134-W,717599,12.253
I405-S,1201587,12.27
I405-S,1201589,12.27
SR22-E,1215128,12.271
SR22-W,1215129,12.271
SR22-E,1202921,12.271
SR22-W,1202917,12.271
SR55-N,1215810,12.282
SR55-S,1215808,12.282
SR55-N,1215811,12.282
SR55-S,1215809,12.282
I605-S,762671,12.412
I605-S,717884,12.412
I605-N,717882,12.447
I605-N,717881,12.447
SR134-E,763608,12.45
SR134-E,717601,12.45
SR91-W,759989,12.498
SR91-W,717435,12.498
I105-E,760242,12.6
I105-W,760550,12.6
I105-E,716449,12.6
I105-W,716450,12.6
I405-N,1201604,12.62
I405-N,1201606,12.62
SR55-N,1212937,12.682
SR55-S,1212934,12.682
SR55-N,1212938,12.682
SR55-S,1212935,12.682
US50-W,318884,12.698
SR91-W,759988,12.698
US50-W,313846,12.698
SR91-W,717438,12.698
SR71-N,812731,12.727
SR71-N,812730,12.727
SR134-W,717604,12.763
SR134-W,717603,12.763
SR91-E,759978,12.768
SR91-E,717439,12.768
SR22-W,1214746,12.791
SR22-W,1202938,12.791
SR22-E,1214752,12.811
SR22-E,1202949,12.811
SR71-S,814860,12.906
SR71-S,812690,12.906
I405-N,1209260,12.93
I405-S,1209262,12.93
I405-N,1209259,12.93
I405-S,1209261,12.93
I605-N,762619,12.962
I605-S,762620,12.962
I605-N,716800,12.962
I605-S,717885,12.962
SR71-N,812705,12.976
SR71-N,812704,12.976
I105-W,760598,13.01
I105-W,760599,13.01
SR91-W,759990,13.058
SR91-W,717440,13.058
I405-S,1201618,13.07
I405-S,1201620,13.07
SR57-N,763537,13.077
SR57-N,763539,13.077
SR91-E,759991,13.108
SR91-E,717441,13.108
US50-W,318744,13.134
US50-W,313003,13.134
SR57-S,763968,13.162
SR57-S,763970,13.162
SR71-S,814862,13.163
SR71-S,812717,13.163
SR134-E,717607,13.18
SR134-E,717606,13.18
SR55-N,1212884,13.182
SR55-S,1212881,13.182
SR55-N,1212885,13.182
SR55-S,1212882,13.182
I105-E,760246,13.2
I105-W,760256,13.2
I105-E,718155,13.2
I105-W,763712,13.2
I105-W,760604,13.21
I105-W,760606,13.21
SR22-E,1214729,13.241
SR22-W,1214727,13.241
SR22-E,1202964,13.241
SR22-W,1202960,13.241
SR60-E,773410,13.341
SR60-W,773408,13.341
SR60-E,773409,13.341
SR60-W,773407,13.341
SR91-W,766554,13.398
SR91-W,766555,13.398
SR91-E,759979,13.408
SR91-E,759980,13.408
US50-W,318742,13.434
US50-W,313005,13.434
US50-E,318900,13.484
US50-E,314668,13.488
SR55-S,1203359,13.492
SR55-S,1203361,13.492
SR91-E,768229,13.498
SR91-W,768228,13.498
SR91-E,768223,13.498
SR91-W,768222,13.498
I405-N,1201635,13.51
I405-N,1201637,13.51
I605-N,717892,13.562
I605-S,717889,13.562
I605-N,717888,13.562
I605-S,717887,13.562
SR22-W,1214734,13.571
SR22-W,1202981,13.571
I405-S,1201651,13.58
I405-S,1201653,13.58
SR57-N,769062,13.637
SR57-N,769061,13.637
SR57-S,763595,13.722
SR57-S,763597,13.722
SR55-S,1203385,13.732
SR55-S,1203387,13.732
I405-N,1201669,13.74
I405-N,1201671,13.74
I105-E,760267,13.8
I105-W,760617,13.8
I105-E,716453,13.8
I105-W,760619,13.8
I105-E,767859,13.81
I105-E,767857,13.81
SR22-W,1215212,13.811
SR22-W,1214882,13.811
I105-E,767870,13.86
I105-E,767868,13.86
SR55-N,1203398,13.882
SR55-N,1203400,13.882
US50-E,318879,13.904
US50-W,318876,13.904
US50-E,313765,13.904
US50-W,313790,13.904
I605-S,762673,14.012
I605-S,717894,14.012
SR57-N,763544,14.017
SR57-N,763546,14.017
I605-N,762622,14.042
I605-N,717893,14.042
SR91-W,759993,14.138
SR91-W,717442,14.138
I605-S,762675,14.172
I605-S,717896,14.172
SR91-E,759992,14.208
SR91-E,717443,14.208
SR60-E,773461,14.241
SR60-W,773459,14.241
SR60-E,773460,14.241
SR60-W,773458,14.241
I405-N,1209275,14.31
I405-S,1209277,14.31
I405-N,1209274,14.31
I405-S,1209276,14.31
US50-E,318896,14.324
US50-W,318894,14.324
US50-E,313867,14.324
US50-W,313861,14.324
SR55-N,1212841,14.382
SR55-S,1212839,14.382
SR55-N,1212842,14.382
SR55-S,1212840,14.382
I105-E,760279,14.4
I105-W,760580,14.4
I105-E,716456,14.4
I105-W,716457,14.4
I405-S,1201685,14.49
I405-S,1201687,14.49
I605-N,717899,14.532
I605-N,717897,14.532
SR55-N,1212864,14.582
SR55-S,1212862,14.582
SR55-N,1212865,14.582
SR55-S,1212863,14.582
I405-N,1201703,14.59
I405-N,1201705,14.59
I605-S,717902,14.625
I605-S,717898,14.625
SR91-E,773366,14.698
SR91-W,773365,14.698
SR91-E,773363,14.698
SR91-W,773362,14.698
SR14-S,766963,14.763
SR14-S,766730,14.763
I105-E,760289,14.8
I105-E,760283,14.8
SR57-N,769069,14.863
SR57-N,769068,14.863
I105-W,760585,14.9
I105-W,716459,14.9
SR57-S,763588,14.902
SR57-S,763590,14.902
I405-S,1201717,14.93
I405-S,1201719,14.93
US50-E,313740,14.934
I405-N,1201733,14.94
I405-N,1201735,14.94
I605-N,762679,15.052
I605-S,762678,15.052
I605-N,717903,15.052
I605-S,716810,15.052
US50-E,318907,15.104
SR60-E,773543,15.121
SR60-W,773542,15.121
SR60-E,718453,15.121
SR60-W,716241,15.121
SR91-W,1211860,15.139
I405-N,1201749,15.16
I405-N,1201751,15.16
SR14-N,766961,15.163
SR14-N,766740,15.163
SR55-N,1203426,15.202
SR55-S,1213275,15.202
SR55-N,1203428,15.202
SR55-S,1213274,15.202
SR57-N,763551,15.217
SR57-N,763553,15.217
SR91-W,1203481,15.229
I110-S,772075,15.29
I110-S,716500,15.29
I105-E,760293,15.3
I105-W,760403,15.3
I105-E,716460,15.3
I105-W,716461,15.3
SR91-E,1211862,15.339
SR91-E,1203495,15.339
SR55-N,1212915,15.382
SR55-N,1212916,15.382
I605-N,762624,15.532
I605-S,717908,15.532
I605-N,717906,15.532
I605-S,717907,15.532
SR60-E,773425,15.541
SR60-W,773423,15.541
SR60-E,773424,15.541
SR60-W,773422,15.541
I105-E,760303,15.6
I105-W,760395,15.6
I105-E,760301,15.6
I105-W,760398,15.6
I405-N,1209292,15.64
I405-S,1209290,15.64
I405-N,1209291,15.64
I405-S,1209289,15.64
I605-S,762681,15.664
I605-S,717912,15.664
I605-N,717910,15.7
I605-N,717909,15.7
SR91-E,1211942,15.739
SR91-W,1211943,15.739
SR91-E,1203506,15.739
SR91-W,1203513,15.739
SR55-N,1212900,15.782
SR55-S,1212902,15.782
SR55-N,1212901,15.782
SR55-S,1212903,15.782
US50-E,318872,15.804
US50-W,318869,15.804
US50-E,313658,15.804
US50-W,313652,15.804
I110-N,763389,15.81
I110-S,763291,15.81
I110-N,763392,15.81
I110-S,763294,15.81
I105-E,760314,15.9
I105-E,760315,15.9
I110-N,763397,15.95
I110-N,763400,15.95
I105-W,760387,16
I105-W,760384,16
I405-S,1201765,16.03
I405-S,1201767,16.03
SR91-E,1213889,16.059
SR91-W,1213890,16.059
SR91-E,1213891,16.059
SR91-W,1213892,16.059
I110-S,763283,16.09
I110-S,763286,16.09
I405-N,1201785,16.29
I405-N,1201787,16.29
I105-E,760320,16.3
I105-E,716466,16.3
I605-N,717920,16.359
I605-N,717915,16.359
I405-S,1201803,16.37
I405-S,1201805,16.37
SR91-W,1218123,16.429
SR91-W,1203524,16.429
I605-S,717916,16.442
I605-S,717914,16.442
I605-S,764019,16.492
I605-S,764021,16.492
I105-W,760380,16.5
I105-W,760375,16.5
I110-S,763272,16.51
I110-S,763275,16.51
I405-N,1201821,16.53
I405-N,1201823,16.53
SR91-E,1212126,16.549
SR91-E,1203536,16.549
I605-N,762627,16.562
I605-N,717922,16.562
SR55-S,1213246,16.692
SR55-S,1203440,16.692
SR91-E,1212124,16.729
SR91-W,1211922,16.729
SR91-E,1203561,16.729
SR91-W,1203549,16.729
I10-E,762404,16.759
I10-W,762405,16.759
I10-E,716028,16.759
I10-W,717047,16.759
I105-E,760329,16.8
I105-W,760333,16.8
I105-E,760330,16.8
I105-W,760369,16.8
I605-N,762631,16.942
I605-S,762629,16.942
I605-N,716819,16.942
I605-S,717924,16.942
I10-W,762472,17
I10-W,737329,17
I110-N,763405,17.06
I110-N,763408,17.06
SR60-E,773477,17.141
SR60-W,773478,17.141
SR60-E,773473,17.141
SR60-W,773474,17.141
I405-N,1209455,17.22
I405-S,1209453,17.22
I405-N,1209454,17.22
I405-S,1209452,17.22
I10-E,762408,17.25
I10-W,762409,17.25
I10-E,716069,17.25
I10-W,717052,17.25
I110-S,763264,17.29
I110-S,763267,17.29
I105-E,760344,17.3
I105-W,760345,17.3
I105-E,716470,17.3
I105-W,716471,17.3
SR91-E,1212760,17.319
SR91-E,1203589,17.319
I10-W,717056,17.4
I10-W,717055,17.4
I405-S,1201837,17.43
I405-S,1201839,17.43
SR91-E,1212767,17.499
SR91-E,1203615,17.499
I605-N,762686,17.508
I605-N,717926,17.508
I10-E,762438,17.53
I10-E,716072,17.53
I605-S,762685,17.532
I605-S,717925,17.532
SR60-E,773493,17.541
SR60-W,773491,17.541
SR60-E,773492,17.541
SR60-W,773490,17.541
I110-N,763416,17.61
I110-N,763419,17.61
I405-N,1201851,17.69
I405-N,1201853,17.69
I605-N,762634,17.712
I605-S,763475,17.712
I605-N,717929,17.712
I605-S,717930,17.712
SR91-E,1214065,17.739
SR91-W,1214064,17.739
SR91-E,1214063,17.739
SR91-W,1214062,17.739
I405-S,1201865,17.75
I405-S,1201867,17.75
I10-E,762410,17.81
I10-W,762413,17.81
I110-S,763256,17.81
I10-E,717059,17.81
I10-W,717060,17.81
I110-S,763259,17.81
I110-N,762508,17.9
I110-N,718164,17.9
US50-E,315894,18.07
US50-E,314042,18.07
SR101-S,774081,18.117
SR101-S,717813,18.117
SR91-E,1214122,18.139
SR91-W,1214121,18.139
SR91-E,1214118,18.139
SR91-W,1214117,18.139
I10-E,762422,18.16
I10-W,762423,18.16
I10-E,716075,18.16
I10-W,716076,18.16
SR14-S,766996,18.163
SR14-S,766749,18.163
SR101-N,768633,18.176
SR101-N,768634,18.176
US50-E,315895,18.27
US50-E,314036,18.27
I405-N,1209307,18.42
I405-S,1209305,18.42
I405-N,1209306,18.42
I405-S,1209304,18.42
I10-E,765508,18.55
I10-W,762432,18.55
I10-E,716078,18.55
I10-W,718020,18.55
SR91-W,1203631,18.609
I605-N,717938,18.632
I605-S,717935,18.632
I605-N,717934,18.632
I605-S,717933,18.632
SR60-E,773521,18.641
SR60-W,773523,18.641
SR60-E,773520,18.641
SR60-W,773522,18.641
SR14-N,766965,18.663
SR14-N,766758,18.663
I605-N,762637,18.812
I605-S,762688,18.812
I605-N,717940,18.812
I605-S,717942,18.812
I405-S,1201881,18.82
I405-S,1201883,18.82
SR91-E,1213424,18.823
SR91-E,1203642,18.823
SR91-W,1213425,18.863
I405-N,1201897,19.01
I405-N,1201899,19.01
SR91-E,1214067,19.133
SR91-E,1203654,19.133
I605-N,762640,19.152
I605-S,762641,19.152
I605-N,716829,19.152
I605-S,717943,19.152
I10-W,762474,19.16
I10-W,718332,19.16
SR91-W,1214066,19.173
SR91-W,1203649,19.173
I10-E,762435,19.29
I10-W,762436,19.29
I10-E,716081,19.29
I10-W,717065,19.29
I405-N,1209322,19.41
I405-S,1209320,19.41
I405-N,1209321,19.41
I405-S,1209319,19.41
SR91-W,1213782,19.533
SR91-W,1203665,19.533
I10-E,762441,19.54
I10-E,737344,19.54
I110-S,763243,19.73
I110-S,763246,19.73
SR91-E,1212770,19.743
SR91-E,1203679,19.743
I10-E,762445,19.75
I10-E,717070,19.75
I10-W,762476,19.76
I10-W,768972,19.76
I110-N,763444,19.93
I110-S,764427,19.93
I110-N,763439,19.93
I110-S,763447,19.93
SR60-E,773506,20.041
SR60-E,773507,20.041
I405-N,1209335,20.1
I405-S,1209337,20.1
I405-N,1209334,20.1
I405-S,1209336,20.1
I10-W,762480,20.22
I10-W,717071,20.22
I405-S,1201909,20.46
I405-S,1201911,20.46
I10-E,762447,20.51
I10-E,716087,20.51
SR91-W,1213780,20.523
SR91-W,1203692,20.523
I10-W,762482,20.53
I10-W,716088,20.53
I405-N,1201921,20.65
I405-N,1201923,20.65
SR91-E,1212773,20.773
SR91-E,1203704,20.773
I10-W,762484,20.8
I10-W,717073,20.8
SR60-E,773536,21.141
SR60-W,773538,21.141
SR60-E,773535,21.141
SR60-W,773537,21.141
I605-S,766930,21.262
I605-S,717947,21.262
I10-W,762486,21.32
I10-W,716091,21.32
I405-N,1209354,21.33
I405-S,1209356,21.33
I405-N,1209353,21.33
I405-S,1209355,21.33
I605-S,766936,21.349
I605-S,766937,21.349
US50-W,315915,21.37
US50-W,313080,21.37
I10-E,762449,21.41
I10-E,716092,21.41
I605-N,762643,21.417
I605-N,716834,21.417
US50-W,315914,21.47
US50-W,313082,21.47
SR91-W,1213778,21.543
SR91-W,1203718,21.543
I605-N,762645,21.554
I605-N,717945,21.554
I405-N,1209373,21.68
I405-N,1209372,21.68
US50-E,316280,21.754
US50-W,316281,21.754
US50-E,316271,21.754
US50-W,316279,21.754
I10-W,717079,21.79
I10-W,768724,21.798
I10-E,762451,21.88
I10-E,717075,21.88
I605-S,763687,22.042
I605-S,763689,22.042
SR91-E,1212723,22.283
SR91-E,1203762,22.283
I405-S,1201939,22.31
I405-S,1201941,22.31
SR91-W,1212724,22.323
SR91-W,1212725,22.323
I10-W,762488,22.45
I10-W,717087,22.45
US50-W,315913,22.47
I10-E,762453,22.529
I10-E,717083,22.529
US50-W,313339,22.553
US50-E,318550,22.571
US50-E,318551,22.571
SR91-W,1213054,22.593
SR91-W,1203774,22.593
SR60-E,773440,22.641
SR60-W,773438,22.641
SR60-E,773439,22.641
SR60-W,773437,22.641
SR91-E,1212789,22.723
SR91-E,1203788,22.723
I10-W,762491,22.81
I10-W,716101,22.81
I10-E,762492,22.82
I10-E,717084,22.82
SR60-W,774126,22.921
SR60-W,774125,22.921
SR91-E,1203793,23.143
SR91-E,1212727,23.173
SR91-W,1203799,23.183
SR91-W,1212726,23.213
I10-W,762494,23.3
I10-W,717095,23.3
I10-E,762455,23.37
I10-E,717097,23.37
SR60-E,774166,23.441
SR60-E,774164,23.441
SR91-W,1213051,23.553
SR91-W,1203813,23.553
SR91-E,1212792,23.723
SR91-E,1203825,23.723
I10-W,762496,23.77
I10-W,717108,23.77
SR60-E,774182,23.841
SR60-W,774183,23.841
SR60-E,774180,23.841
SR60-W,774181,23.841
SR91-E,1213984,23.873
SR91-E,1213986,23.873
I10-E,762457,23.89
I10-E,717110,23.89
SR91-W,1213983,23.913
SR91-W,1213985,23.913
I405-N,771828,24.058
I405-S,771827,24.058
I405-N,771826,24.058
I405-S,771825,24.058
I10-W,762498,24.3
I10-W,717116,24.3
I10-E,762459,24.39
I10-E,718445,24.39
I10-W,717119,24.4
I10-W,768718,24.408
SR91-E,1203838,24.423
SR91-E,1203831,24.423
SR91-W,1212134,24.463
I405-N,762517,24.548
I405-S,762518,24.548
I405-N,717696,24.548
I405-S,717697,24.548
SR91-W,1203845,24.563
US50-W,315911,24.661
SR91-E,1203854,24.673
SR91-E,1203850,24.673
SR91-W,1212129,24.713
SR91-W,1203861,24.713
US50-W,313344,24.77
I10-W,762500,24.792
I10-W,717121,24.792
I10-E,762461,24.81
I10-E,717123,24.81
SR91-W,1203871,24.833
I405-S,762576,24.848
I405-S,717699,24.848
US50-E,315900,24.97
US50-W,313349,24.982
US50-E,313551,24.99
US50-W,315910,25.03
I405-N,762520,25.048
I405-N,718219,25.048
I210-E,763614,25.12
I210-E,717631,25.12
US50-E,315901,25.17
US50-E,313552,25.17
SR91-E,1213903,25.193
SR91-E,1203866,25.193
SR91-W,1213904,25.233
I10-W,762502,25.29
I10-W,717125,25.29
I210-W,717632,25.4
I210-W,717630,25.4
I10-W,717129,25.41
I10-W,768720,25.415
I10-E,762463,25.44
I10-E,717131,25.44
I405-S,762578,25.448
I405-S,718221,25.448
I10-E,762467,25.62
I10-E,717133,25.62
I10-W,762468,25.63
I10-W,717134,25.63
SR91-E,1212811,25.673
SR91-E,1203886,25.673
I405-N,762523,25.678
I405-N,717701,25.678
I210-W,764135,25.68
I210-W,764137,25.68
I210-E,761093,25.72
I210-E,717633,25.72
SR91-W,1213914,25.723
SR91-W,1203896,25.723
SR91-W,1213900,25.813
SR91-W,1203909,25.813
SR60-E,766660,25.841
SR60-E,766661,25.841
SR91-E,1212813,25.853
SR91-E,1203922,25.853
I210-W,761318,26.12
I210-W,717634,26.12
I10-W,762504,26.13
I10-W,717135,26.13
I405-S,762580,26.138
I405-S,718223,26.138
I10-E,768426,26.171
SR91-E,1213911,26.233
SR91-E,1203927,26.233
SR91-W,1213912,26.273
SR91-W,1203931,26.273
I10-E,717136,26.33
I405-N,762526,26.398
I405-S,762582,26.398
I405-N,717703,26.398
I405-S,718226,26.398
I210-E,761098,26.47
I210-E,717635,26.47
I10-E,717140,26.59
I10-W,762470,26.59
I10-E,716126,26.59
I10-W,717139,26.59
I405-N,764667,26.688
I405-S,764665,26.688
I405-N,718227,26.688
I405-S,716626,26.688
I210-W,761322,26.8
I210-W,717637,26.8
I405-S,718230,26.918
I405-S,718229,26.918
US50-W,315908,26.97
US50-W,314241,26.97
I10-W,768738,27.06
I10-W,717142,27.06
I210-E,761102,27.14
I210-E,717638,27.14
US50-W,315907,27.17
US50-W,314230,27.17
I405-N,717707,27.228
I405-N,717706,27.228
US50-E,315903,27.23
US50-E,314379,27.23
US50-E,315904,27.27
US50-E,314248,27.27
I10-E,717148,27.28
I10-E,717146,27.28
I405-S,718441,27.318
I405-S,718232,27.318
I405-N,718233,27.388
I405-N,717709,27.388
I210-E,761105,27.63
I210-E,717640,27.63
I405-N,764661,27.768
I405-S,764663,27.768
I405-N,716632,27.768
I405-S,717710,27.768
I10-W,717150,27.84
I10-W,768741,27.849
I10-E,768743,28.01
I10-E,717152,28.01
I210-W,717643,28.03
I210-W,717642,28.03
I10-W,768746,28.111
I10-W,717154,28.111
I405-N,771847,28.158
I405-S,771848,28.158
I405-N,771845,28.158
I405-S,771846,28.158
I210-W,717645,28.27
I210-W,717644,28.27
I405-S,718236,28.418
I405-S,718235,28.418
I10-E,768751,28.48
I10-W,768752,28.48
I10-E,717155,28.48
I10-W,767329,28.48
I405-N,718442,28.518
I405-N,717711,28.518
I210-E,761109,28.68
I210-E,717646,28.68
SR60-E,766568,28.681
SR60-W,766570,28.681
SR60-E,766569,28.681
SR60-W,766571,28.681
I405-N,762528,28.758
I405-S,762584,28.758
I405-N,717713,28.758
I405-S,718238,28.758
I405-N,762531,28.868
I405-N,717715,28.868
SR60-E,766599,29.111
SR60-W,766601,29.111
SR60-E,766600,29.111
SR60-W,766602,29.111
I210-W,761325,29.17
I210-W,717649,29.17
I10-E,717158,29.19
I10-W,718331,29.19
I10-E,717156,29.19
I10-W,717157,29.19
SR60-E,766643,29.291
SR60-W,766641,29.291
SR60-E,766644,29.291
SR60-W,766642,29.291
I405-S,762586,29.328
I405-S,718240,29.328
I405-N,762533,29.408
I405-N,717717,29.408
I210-E,761112,29.44
I210-E,717650,29.44
SR60-E,766619,29.651
SR60-W,766621,29.651
SR60-E,766620,29.651
SR60-W,766622,29.651
I405-N,762535,29.762
I405-N,717719,29.762
I405-S,762588,29.772
I405-S,718243,29.772
SR60-E,766584,29.871
SR60-W,766586,29.871
SR60-E,766585,29.871
SR60-W,766587,29.871
I210-W,761431,29.879
I210-W,717653,29.879
I405-S,762590,29.922
I405-S,718242,29.922
I210-W,761428,29.999
I210-W,717657,29.999
I210-E,737490,30.029
I210-E,717654,30.029
I405-N,764676,30.042
I405-N,717720,30.042
I210-W,761327,30.139
I210-W,717661,30.139
I405-S,762592,30.192
I405-S,718245,30.192
I215-S,819956,30.294
I215-S,819957,30.294
I210-E,717641,30.299
I210-E,717659,30.299
I405-N,717722,30.332
I405-N,717721,30.332
SR60-W,766829,30.335
SR60-W,765461,30.335
I215-S,819905,30.441
I215-S,816150,30.441
SR60-E,766844,30.512
SR60-E,766843,30.512
I405-N,771865,30.552
I405-S,771866,30.552
I405-N,771863,30.552
I405-S,771864,30.552
I210-E,773155,30.689
I210-W,773180,30.689
I210-E,773154,30.689
I210-W,773179,30.689
I210-W,761329,30.779
I210-W,717663,30.779
SR60-E,809925,30.977
SR60-E,809912,30.977
I405-N,717725,30.992
I405-S,764556,30.992
I405-N,717723,30.992
I405-S,717724,30.992
I210-W,717665,30.999
I210-W,717664,30.999
I210-E,761115,31.239
I210-E,717667,31.239
I215-S,816107,31.4
I215-S,816106,31.4
I405-N,771876,31.402
I405-S,771878,31.402
I405-N,771877,31.402
I405-S,771879,31.402
I215-S,819894,31.626
I215-S,819893,31.626
SR60-E,809953,31.677
SR60-E,809952,31.677
SR60-W,806479,31.766
SR60-W,801337,31.766
I5-S,1122560,31.773
SR60-E,801338,31.789
I405-N,762538,31.792
I405-N,717727,31.792
I5-N,1122553,31.807
I5-N,1122552,31.807
I405-S,762594,31.822
I405-S,718247,31.822
I5-S,1122561,31.851
I210-W,717670,32.019
I210-W,717669,32.019
SR60-E,806476,32.064
I210-W,764144,32.199
I210-W,764146,32.199
I405-S,771899,32.222
I405-S,771897,32.222
I5-S,1122584,32.324
I5-S,1122583,32.324
I210-E,761117,32.349
I210-E,717672,32.349
I215-N,816114,32.356
I215-N,816113,32.356
I5-N,1122576,32.357
I5-N,1122575,32.357
I405-S,762596,32.402
I405-S,718249,32.402
I405-N,762541,32.462
I405-N,717729,32.462
I215-N,820671,32.734
I215-S,816062,32.734
I215-N,820672,32.734
I215-S,816061,32.734
SR60-W,806470,32.762
I210-E,773195,32.789
I210-W,773196,32.789
I210-E,773193,32.789
I210-W,773194,32.789
I5-N,1108437,32.792
I5-N,1108436,32.796
I405-N,771917,32.862
I405-S,771916,32.862
I405-N,771915,32.862
I405-S,771914,32.862
I215-N,816048,32.903
I215-S,819779,32.903
I215-N,816047,32.903
I215-S,819780,32.903
I210-W,761339,33.049
I210-W,761342,33.049
SR60-E,806473,33.128
SR60-W,801347,33.128
SR60-E,801346,33.139
I210-E,761126,33.149
I210-E,761128,33.149
I405-N,762543,33.242
I405-S,762598,33.242
I405-N,718251,33.242
I405-S,717731,33.242
I210-E,761138,33.379
I210-E,761141,33.379
SR118-W,773668,33.411
SR118-W,772092,33.411
I215-S,816034,33.425
I215-S,816033,33.425
SR91-E,1208194,33.483
SR91-E,1208180,33.483
SR91-W,1208196,33.523
SR91-W,1208190,33.523
I215-N,816021,33.538
I215-N,801586,33.549
I405-S,771926,33.802
I405-S,771925,33.802
SR118-E,772489,33.961
SR118-W,772490,33.961
SR118-E,772487,33.961
SR118-W,772488,33.961
SR60-W,806467,34.019
I210-W,761353,34.049
I210-W,761356,34.049
I215-S,816010,34.118
I215-S,816009,34.118
SR91-E,1208212,34.143
SR91-E,1208199,34.143
I5-S,1119284,34.169
I5-S,1119528,34.169
SR91-W,1208214,34.206
SR91-W,1208208,34.206
I215-N,816004,34.219
I215-N,801589,34.219
I405-S,718254,34.262
I405-S,718253,34.262
SR60-E,806447,34.37
SR60-W,801353,34.37
SR60-E,801352,34.386
I405-N,762545,34.432
I405-N,717733,34.432
I210-E,761149,34.439
I210-E,761152,34.439
I210-E,773170,34.489
I210-W,773171,34.489
I210-E,773168,34.489
I210-W,773169,34.489
SR60-E,809969,34.587
SR60-E,809968,34.587
SR118-E,765921,34.631
SR118-W,765923,34.631
SR118-E,765920,34.631
SR118-W,765922,34.631
I405-N,771941,34.672
I405-S,771940,34.672
I405-N,771939,34.672
I405-S,771938,34.672
I210-W,761363,34.899
I210-W,718210,34.899
SR60-W,806425,34.984
SR60-W,801355,34.984
SR60-E,801356,34.995
SR60-E,820118,35.005
I405-N,764565,35.092
I405-S,718257,35.092
I405-N,717735,35.092
I405-S,718256,35.092
SR118-W,760827,35.241
SR118-W,760828,35.241
I210-E,761161,35.409
I210-W,761371,35.409
I210-E,761165,35.409
I210-W,761374,35.409
SR118-E,717526,35.481
SR118-E,717525,35.481
I405-N,764659,35.592
I405-S,766494,35.592
I405-N,716659,35.592
I405-S,766493,35.592
I210-E,761174,35.649
I210-E,761177,35.649
SR118-E,765979,35.731
SR118-W,765977,35.731
SR118-E,765978,35.731
SR118-W,765976,35.731
I405-N,766506,35.822
I405-S,764657,35.822
I405-N,766505,35.822
I405-S,716660,35.822
SR60-E,809978,35.887
SR60-E,809977,35.887
I210-E,769703,36.089
I210-W,769704,36.089
I210-E,769701,36.089
I210-W,769702,36.089
I5-N,1122734,36.123
I5-N,1108509,36.123
I5-S,1108468,36.135
I5-S,1120314,36.137
SR60-W,806403,36.279
I210-W,769723,36.289
I210-W,769722,36.289
SR60-W,801361,36.31
SR118-E,717531,36.331
SR118-W,760832,36.331
SR118-E,717530,36.331
SR118-W,717528,36.331
I405-N,717738,36.342
I405-S,718260,36.342
I405-N,718259,36.342
I405-S,718258,36.342
SR91-E,1213690,36.35
SR91-E,1213680,36.35
SR91-W,1213691,36.413
SR91-W,1213686,36.413
I210-W,761380,36.589
I210-W,717673,36.589
I210-E,761188,36.619
I210-E,761191,36.619
SR60-E,801364,36.636
SR60-E,806406,36.647
SR118-E,765942,36.731
SR118-W,765944,36.731
SR118-E,765941,36.731
SR118-W,765943,36.731
SR91-E,1208259,36.762
SR91-E,1208240,36.762
I210-E,769773,36.889
I210-E,769772,36.889
I405-N,769249,36.952
I405-S,769250,36.952
I405-N,716663,36.952
I405-S,769248,36.952
I405-N,762547,37.082
I405-S,764559,37.082
I405-N,717740,37.082
I405-S,769195,37.082
I5-S,1108471,37.255
I5-S,1119532,37.258
I5-N,1108512,37.261
I5-N,1120694,37.263
SR60-W,806397,37.279
SR60-E,801368,37.301
SR60-W,801367,37.301
I210-E,772859,37.389
I210-W,772860,37.389
I210-E,772857,37.389
I210-W,772858,37.389
SR118-W,771723,37.391
SR118-W,771721,37.391
SR118-E,771708,37.431
SR118-E,771706,37.431
I405-N,762549,37.582
I405-S,761523,37.582
I405-N,717742,37.582
I405-S,761526,37.582
SR91-E,801416,37.645
SR91-E,801415,37.645
SR60-E,806400,37.66
SR118-E,765996,37.731
SR118-W,765994,37.731
SR118-E,765995,37.731
SR118-W,765993,37.731
I210-E,772874,37.789
I210-W,772875,37.789
I210-E,772872,37.789
I210-W,772873,37.789
SR118-W,760835,38.051
SR118-W,717532,38.051
I210-W,761382,38.069
I210-W,717674,38.069
I405-N,761435,38.112
I405-N,717744,38.112
I210-W,761384,38.208
I210-W,717675,38.208
SR118-E,717534,38.211
SR118-E,717533,38.211
I405-S,764611,38.292
I405-S,718262,38.292
I210-E,761199,38.298
I210-E,761206,38.298
SR60-W,806394,38.299
SR91-W,813443,38.313
SR91-W,801418,38.313
SR91-E,801423,38.358
SR91-E,801422,38.358
SR60-E,801376,38.64
SR60-W,801377,38.64
SR60-E,806391,38.668
SR118-E,765959,38.731
SR118-W,765961,38.731
SR118-E,765958,38.731
SR118-W,765960,38.731
I405-N,761439,38.732
I405-S,761440,38.732
I405-N,716670,38.732
I405-S,717746,38.732
I210-E,772889,38.789
I210-E,772887,38.789
SR91-E,801429,38.795
SR91-E,801428,38.795
SR60-E,809987,38.927
SR60-E,809986,38.927
I210-W,717677,39.159
I210-W,717676,39.159
SR118-W,760840,39.181
SR118-W,717535,39.181
I405-N,761441,39.202
I405-N,718266,39.202
I405-S,764609,39.282
I405-S,718265,39.282
SR91-W,801432,39.293
SR91-W,801431,39.293
SR60-W,806367,39.301
SR60-E,801380,39.317
I210-E,761214,39.339
I210-E,761220,39.339
SR118-E,761592,39.361
SR118-E,717536,39.361
SR60-W,820001,39.61
SR60-E,806370,39.664
I405-N,761532,39.772
I405-S,761531,39.772
I405-N,718267,39.772
I405-S,716674,39.772
SR91-E,801436,39.774
SR91-E,801435,39.774
I210-W,761386,39.809
I210-W,717678,39.809
I210-W,761388,39.909
I210-W,717682,39.909
I210-E,770407,39.929
I210-E,765477,39.929
SR118-E,766013,39.931
SR118-W,766011,39.931
SR118-E,766012,39.931
SR118-W,766010,39.931
I210-E,761222,39.999
I210-E,717684,39.999
I210-E,772905,40.189
I210-W,772904,40.189
I210-E,772903,40.189
I210-W,772902,40.189
I405-S,718270,40.242
I405-S,764604,40.242
SR91-E,801443,40.286
SR91-E,801442,40.286
SR60-W,806348,40.341
SR60-W,801387,40.341
SR118-E,766030,40.431
SR118-W,766028,40.431
SR118-E,766029,40.431
SR118-W,766027,40.431
I405-N,761444,40.432
I405-S,761445,40.432
I405-N,717750,40.432
I405-S,717751,40.432
I210-W,761390,40.549
I210-W,717685,40.549
SR60-E,806388,40.627
SR60-E,801390,40.627
I405-N,762552,40.782
I405-S,762553,40.782
I405-N,717752,40.782
I405-S,717753,40.782
I210-E,768945,40.849
I210-E,765486,40.853
SR91-W,801446,40.873
SR91-W,801445,40.873
SR118-W,766045,40.931
SR118-W,766044,40.931
I210-E,761240,40.989
I210-E,718469,40.989
SR91-E,801450,41.054
SR91-E,801449,41.054
SR118-W,760844,41.211
SR118-W,717537,41.211
I10-E,768369,41.26
I10-W,768370,41.26
I10-E,716181,41.26
I10-W,717238,41.26
SR118-E,717540,41.261
SR118-E,717539,41.261
I405-N,717756,41.292
I405-N,717755,41.292
I210-E,772919,41.389
I210-W,772920,41.389
I210-E,772917,41.389
I210-W,772918,41.389
I405-S,718276,41.412
I405-S,718275,41.412
SR118-E,717542,41.521
SR118-E,717541,41.521
SR91-E,801458,41.585
SR91-E,801457,41.585
SR91-W,807228,41.64
SR91-W,801455,41.648
I210-W,717687,41.789
I210-W,717686,41.789
I210-W,717689,41.969
I210-W,717688,41.969
I405-N,717759,41.972
I405-S,718480,41.972
I405-N,717758,41.972
I405-S,718479,41.972
I210-E,761242,41.979
I210-E,717692,41.979
I10-W,717240,42.02
I10-W,768365,42.025
SR118-E,717545,42.041
SR118-W,760672,42.041
SR118-E,717543,42.041
SR118-W,717544,42.041
I405-S,718278,42.072
I405-S,718277,42.072
SR91-E,801465,42.075
SR91-E,801464,42.075
I405-N,717761,42.122
I405-N,717760,42.122
I10-E,717241,42.26
I10-E,768363,42.261
I10-W,763485,42.35
I10-W,768311,42.352
I215-N,819756,42.435
I215-N,806027,42.435
SR118-E,716541,42.461
SR118-W,760677,42.461
SR118-E,717547,42.461
SR118-W,717546,42.461
I210-E,772934,42.589
I210-W,772935,42.589
I210-E,772932,42.589
I210-W,772933,42.589
I10-E,717243,42.63
I10-E,768304,42.634
SR91-W,801470,42.71
SR91-W,801469,42.71
SR91-E,801474,42.848
SR91-E,801473,42.848
I210-E,772955,42.889
I210-W,772956,42.889
I210-E,772953,42.889
I210-W,772954,42.889
I405-N,762555,42.932
I405-S,762600,42.932
I405-N,717763,42.932
I405-S,718280,42.932
SR118-E,766063,43.031
SR118-W,766061,43.031
SR118-E,766062,43.031
SR118-W,766060,43.031
I405-N,762557,43.132
I405-N,717765,43.132
I10-W,768315,43.18
I10-E,716187,43.18
I10-W,717245,43.18
I10-E,768314,43.19
SR91-W,801478,43.32
SR91-W,801477,43.32
I405-N,761448,43.342
I405-S,764669,43.342
I405-N,716689,43.342
I405-S,717766,43.342
I210-W,717695,43.389
I210-W,717694,43.389
I215-N,819765,43.511
I215-S,819767,43.511
I215-N,806033,43.511
I215-S,805949,43.511
SR118-E,766139,43.531
SR118-E,766138,43.531
I210-E,716026,43.589
I210-E,716142,43.589
SR91-E,820549,43.615
I10-E,768320,43.66
I10-W,768319,43.66
I10-E,717247,43.66
I10-W,717246,43.66
SR91-W,801482,43.667
SR91-W,801481,43.667
SR118-E,766171,43.831
SR118-W,766097,43.831
SR118-E,766170,43.831
SR118-W,766096,43.831
SR91-E,801486,43.836
I405-S,767847,43.872
I405-S,759422,43.872
SR91-W,820558,43.887
SR91-W,820559,43.887
I405-N,762559,43.902
I405-N,717769,43.902
I405-S,761538,44.072
I405-S,761541,44.072
SR91-E,801489,44.095
SR91-E,801488,44.095
I10-W,768330,44.12
I10-W,717249,44.12
I10-E,768329,44.123
I10-E,768328,44.123
SR118-W,766127,44.131
SR118-W,766124,44.131
I405-N,761452,44.162
I405-N,761455,44.162
I210-W,769745,44.189
I210-W,769744,44.189
SR118-E,771692,44.331
SR118-W,771693,44.331
SR118-E,771690,44.331
SR118-W,771691,44.331
I405-N,762561,44.372
I405-S,761548,44.372
I405-N,716694,44.372
I405-S,761552,44.372
I210-W,761396,44.389
I210-W,718047,44.389
I210-E,772968,44.489
I210-E,718448,44.489
I210-W,772969,44.489
I210-E,772966,44.489
I210-E,716143,44.489
I210-W,772967,44.489
I10-E,768341,44.51
I10-E,717251,44.51
I10-W,768340,44.514
I10-W,768339,44.514
I10-W,717252,44.72
I10-W,768354,44.728
I405-S,764596,44.852
I405-S,764598,44.852
I210-E,769759,44.889
I210-E,769758,44.889
I405-S,764588,44.962
I405-S,764590,44.962
I10-E,717254,45.06
I10-E,768351,45.069
I10-W,768352,45.069
I10-W,768349,45.069
SR118-E,766113,45.331
SR118-W,766111,45.331
SR118-E,766112,45.331
SR118-W,766110,45.331
SR91-E,817545,45.371
SR91-E,817544,45.371
SR91-E,817547,45.474
SR91-E,817546,45.474
I210-W,771621,45.599
I210-W,771618,45.599
I10-E,717257,45.74
I10-W,716193,45.74
I10-E,768358,45.748
I10-W,768357,45.748
I405-S,769219,45.772
I405-S,718284,45.772
SR118-W,771661,45.827
SR118-W,766167,45.827
I210-E,771606,45.949
I210-E,771603,45.949
I10-W,717258,46.1
I10-W,768362,46.107
I405-N,769232,46.112
I405-N,769228,46.112
I405-S,769221,46.172
I405-S,765153,46.172
I10-E,768360,46.37
I10-E,717260,46.37
I405-N,769255,46.452
I405-N,761482,46.452
I405-N,769259,46.472
I405-N,761492,46.472
SR91-E,806676,46.494
SR91-E,806674,46.494
SR91-W,801491,46.52
SR91-W,801490,46.52
SR91-E,807246,46.574
SR91-E,801493,46.574
I210-W,769137,46.749
I210-W,769136,46.749
I210-W,769151,46.939
I210-W,769150,46.939
I405-N,769260,47.132
I405-N,717776,47.132
I405-N,769263,47.242
I405-N,717777,47.242
I210-E,767882,47.289
I210-E,767883,47.289
I10-W,806068,47.356
I10-W,801230,47.356
I405-N,769236,47.382
I405-S,769235,47.382
I405-N,764583,47.382
I405-S,764578,47.382
I10-E,806288,47.486
I10-E,801232,47.486
I210-E,767895,47.789
I210-W,767897,47.789
I210-E,767896,47.789
I210-W,767898,47.789
I10-W,806048,47.933
I10-W,801234,47.933
I405-N,769265,48.022
I405-S,769238,48.022
I405-N,717779,48.022
I405-S,718287,48.022
I10-E,806510,48.107
I10-E,801237,48.107
SR91-W,801497,48.154
SR91-W,801496,48.154
I210-W,767909,48.189
I210-W,767910,48.189
SR91-W,801500,48.482
SR91-W,801499,48.482
I210-E,767924,48.489
I210-E,767925,48.489
SR91-E,801503,48.563
SR91-E,801502,48.563
I405-S,771955,48.672
I405-S,771954,48.672
I10-E,801239,48.673
I10-E,806525,48.677
I10-W,806934,48.677
I10-W,806933,48.677
I405-N,774097,48.872
I405-N,771969,48.872
I10-W,806580,49.02
I10-W,801241,49.02
I210-E,767941,49.089
I210-W,767939,49.089
I210-E,767942,49.089
I210-W,767940,49.089
I10-E,806489,49.152
I10-E,801243,49.152
I405-N,769242,49.182
I405-S,769241,49.182
I405-N,718291,49.182
I405-S,718290,49.182
SR91-E,820356,49.271
SR91-W,801505,49.31
SR91-W,820355,49.357
SR91-E,807271,49.509
I405-S,774108,49.602
I405-S,764567,49.602
I10-E,801245,49.697
I10-E,806945,49.702
I10-W,806953,49.702
I10-W,806952,49.702
I405-N,774095,49.772
I405-N,769496,49.772
I210-W,767954,49.889
I210-W,767955,49.889
I405-N,774106,49.922
I405-S,774105,49.922
I405-N,718292,49.922
I405-S,764671,49.922
I210-E,767969,49.969
I210-E,767970,49.969
SR91-E,801512,50.251
I210-E,767983,50.289
I210-W,767985,50.289
I210-E,767984,50.289
I210-W,767986,50.289
I10-W,806581,50.31
I10-W,801248,50.31
I10-E,806579,50.361
I10-E,801250,50.361
SR91-E,820369,50.408
SR91-W,820387,50.441
I405-S,774101,50.612
I405-S,761500,50.612
SR91-W,801516,50.626
I210-E,767997,50.749
I210-W,767999,50.749
I210-E,767998,50.749
I210-W,768000,50.749
I405-N,772518,51.122
I405-S,772519,51.122
I405-N,717787,51.122
I405-S,717788,51.122
I210-E,768011,51.289
I210-W,768013,51.289
I210-E,768012,51.289
I210-W,768014,51.289
I10-E,806578,51.401
I10-E,801255,51.401
SR91-W,801517,51.407
SR91-E,807285,51.44
SR91-E,801520,51.44
SR91-W,807272,51.497
I405-S,774112,51.572
I405-S,718296,51.572
I405-N,774099,51.582
I405-N,717790,51.582
I210-E,768025,51.789
I210-W,768027,51.789
I210-E,768026,51.789
I210-W,768028,51.789
I405-N,772439,51.872
I405-S,772440,51.872
I405-N,772437,51.872
I405-S,772438,51.872
I10-W,806577,51.976
I10-W,801259,51.976
I10-E,806584,52.057
I10-E,801261,52.057
SR91-E,807286,52.058
SR91-E,801523,52.058
I210-E,768040,52.139
I210-E,768041,52.139
I210-W,768054,52.229
I210-W,768055,52.229
SR60-E,816014,52.256
SR60-E,816011,52.256
I405-N,772528,52.292
I405-S,772529,52.292
I405-N,716714,52.292
I405-S,772527,52.292
I405-N,772457,52.312
I405-S,772456,52.312
I405-N,772455,52.312
I405-S,772454,52.312
I210-E,809293,52.539
I210-E,809294,52.539
I10-W,806585,52.809
I10-W,801265,52.809
I10-W,806576,52.887
I10-W,801267,52.887
I405-N,772533,52.932
I405-S,772532,52.932
I405-N,718500,52.932
I405-S,718297,52.932
I210-E,809300,52.939
I210-E,809301,52.939
I10-W,820070,53.022
I10-W,820071,53.022
I405-N,772539,53.272
I405-S,772538,53.272
I405-N,768969,53.272
I405-S,768968,53.272
I210-E,809307,53.439
I210-E,809308,53.439
SR60-W,810380,53.513
SR60-W,808945,53.513
SR60-E,810370,53.568
SR60-E,801394,53.568
I10-E,806773,53.745
I10-E,806774,53.745
I210-E,819614,53.839
I210-E,819613,53.839
SR91-E,801536,53.934
SR91-W,806266,54.018
SR91-W,801535,54.02
I210-W,819606,54.039
I210-W,819605,54.039
I10-W,820201,54.057
I10-W,820202,54.057
SR91-E,807345,54.095
I210-E,809342,54.439
I210-E,809343,54.439
SR60-W,810373,54.533
SR60-W,801400,54.533
I10-E,807025,54.553
I10-W,806617,54.553
I10-E,807011,54.553
I10-W,801277,54.553
SR91-E,807365,54.622
SR91-E,801541,54.622
SR60-E,810369,54.63
SR60-E,801402,54.63
I10-W,806606,54.843
I10-W,801279,54.843
I10-E,806108,54.873
I10-E,801286,54.873
I210-E,809349,54.939
I210-E,809350,54.939
I10-E,806612,54.985
I10-E,801284,54.985
I10-W,806611,54.993
I10-W,801282,54.993
I210-E,809210,55.239
I210-E,809211,55.239
SR60-W,810381,55.287
SR60-W,801404,55.287
I10-E,810345,55.308
I10-E,801288,55.308
SR60-E,810372,55.616
SR60-E,801407,55.616
I210-E,819600,55.739
I210-E,819599,55.739
I210-E,809259,56.039
SR60-E,819923,56.316
SR60-E,801411,56.316
I210-E,809258,56.539
I210-W,819659,56.539
I210-W,819654,56.539
SR60-E,810371,56.723
SR60-E,810316,56.723
I405-S,766956,56.812
I405-S,718310,56.812
I210-E,819553,56.939
I210-E,819552,56.939
I210-W,819576,57.139
I210-W,819575,57.139
I405-S,768618,57.192
I405-S,768619,57.192
I210-E,809171,57.539
I210-E,809172,57.539
I210-E,819539,58.139
I210-E,819538,58.139
I210-E,809201,58.439
I210-W,819546,58.439
I210-E,809202,58.439
I210-W,819545,58.439
I405-S,718313,58.502
I405-S,718312,58.502
I210-E,819527,59.239
I210-E,819526,59.239
I210-E,808988,59.439
I210-W,819533,59.439
I210-E,809022,59.439
I210-W,819532,59.439
I405-S,766954,59.572
I405-S,718314,59.572
I210-E,808994,59.839
I210-E,808993,59.839
I210-W,809011,60.239
I210-W,808998,60.239
I405-S,766952,60.322
I405-S,718315,60.322
I210-E,809038,60.439
I210-W,819521,60.439
I210-E,809036,60.439
I210-W,819520,60.439
I210-E,809071,61.139
I210-E,809070,61.139
I210-E,816193,61.239
I210-W,809098,61.239
I210-E,816194,61.239
I210-W,809100,61.239
I405-S,767264,61.342
I405-S,716738,61.342
I210-W,816210,61.839
I210-W,816211,61.839
I405-S,767258,61.862
I405-S,767262,61.912
I405-S,764754,61.912
I405-S,767260,62.192
I405-S,717809,62.192
I210-E,809125,62.439
I210-E,809126,62.439
I405-S,717816,62.862
I405-N,765195,63.772
I405-S,765169,63.772
I405-N,767812,63.772
I405-S,765171,63.772
I405-S,767054,63.852
I405-S,767053,63.852
I210-W,819461,64.102
I405-N,762565,64.102
I210-W,819460,64.102
I405-N,717818,64.102
I210-E,813016,64.379
I210-E,810273,64.379
I210-W,813017,64.587
I405-N,767353,64.672
I405-S,767352,64.672
I405-N,767351,64.672
I405-S,767350,64.672
I210-W,810266,64.73
I405-S,765263,65.082
I405-S,765265,65.082
I405-N,762567,65.252
I405-S,765271,65.252
I405-N,717819,65.252
I405-S,765273,65.252
I405-S,717822,66.032
I405-S,717821,66.032
I210-E,819479,66.099
I210-E,819478,66.099
I210-W,814499,66.099
I405-S,764615,66.222
I405-S,737529,66.222
I405-N,762569,66.232
I405-N,717823,66.232
I210-E,814507,66.589
I210-W,819473,66.589
I210-E,814506,66.589
I405-N,767369,66.972
I405-S,767368,66.972
I405-N,767367,66.972
I405-S,767366,66.972
I210-E,819485,67.189
I210-W,814515,67.189
I210-E,819484,67.189
I210-W,814514,67.189
I210-W,819492,67.319
I210-W,819491,67.319
I210-W,814534,67.339
I210-W,814533,67.339
I210-E,814481,67.364
I210-E,814480,67.364
I405-S,762602,67.452
I405-S,717824,67.452
I405-N,762571,67.642
I405-N,717825,67.642
I405-S,762604,68.432
I405-N,762573,68.642
I405-N,717827,68.642
I405-S,768626,68.642
I405-N,771810,69.472
I405-S,771809,69.472
I405-N,771808,69.472
I405-S,771807,69.472
I405-S,762606,69.872
I405-S,717828,69.872
I405-N,771769,69.972
I405-N,771767,69.972
I405-S,762608,69.982
I405-S,717829,69.982
I405-S,771998,71.382
I405-S,771997,71.382
I405-N,772012,71.712
I405-N,772011,71.712
I405-N,774085,72.072
I405-N,772024,72.072
I5-N,1210059,79.168
I5-N,1204372,79.168
I5-N,1210061,79.718
I5-N,1204384,79.718
I5-N,1210063,80.248
I5-N,1204395,80.248
I5-N,1210066,80.898
I5-N,1204409,80.898
I5-S,1210925,81.345
I5-S,1210141,81.345
I5-N,1210927,81.408
I5-N,1210926,81.408
I5-S,1210947,81.595
I5-S,1204415,81.595
I5-S,1210956,81.885
I5-S,1210955,81.885
I5-N,1210069,81.948
I5-N,1204422,81.948
I5-S,1210973,82.295
I5-S,1210972,82.295
I5-N,1210975,82.358
I5-N,1210974,82.358
I5-S,1210994,82.595
I5-S,1210993,82.595
I5-N,1210992,82.658
I5-N,1210991,82.658
I5-S,1211846,82.895
I5-S,1204428,82.895
I5-N,1210071,83.308
I5-N,1204436,83.308
I5-S,1211087,83.565
I5-S,1204442,83.565
I5-S,1211096,84.105
I5-S,1204458,84.105
I5-N,1211108,84.518
I5-N,1211107,84.518
I5-S,1211830,84.595
I5-S,1211829,84.595
I5-S,1211818,84.995
I5-S,1211816,84.995
I5-N,1210073,85.308
I5-N,1204472,85.308
I5-S,1211801,85.795
I5-S,1204478,85.795
I5-N,1210075,85.958
I5-N,1204486,85.958
I5-N,1210078,86.128
I5-N,1204501,86.128
I5-S,1213569,86.655
I5-S,1213571,86.655
I5-N,1213568,86.718
I5-N,1213570,86.718
I5-S,1211852,87.225
I5-S,1204507,87.225
I5-N,1210081,87.388
I5-N,1204515,87.388
I5-S,1211851,87.495
I5-S,1204521,87.495
I5-N,1210083,87.608
I5-N,1204532,87.608
I5-S,1213706,87.995
I5-S,1213699,87.995
I5-N,1213708,88.058
I5-N,1213700,88.058
I5-S,1211182,88.495
I5-S,1204538,88.495
I5-S,1211177,88.695
I5-S,1204552,88.695
I5-N,1210085,88.768
I5-N,1204546,88.768
I5-N,1210087,88.948
I5-N,1204559,88.948
I5-S,1210368,89.455
I5-S,1204565,89.455
I5-S,1211183,89.685
I5-S,1204577,89.685
I5-N,1210089,89.688
I5-N,1204571,89.688
I5-N,1204591,89.888
I5-N,1204586,89.888
I5-S,1213526,90.365
I5-S,1213528,90.365
I5-N,1213525,90.428
I5-N,1213527,90.428
I5-N,1210103,90.868
I5-N,1204615,90.868
I5-S,1210322,90.895
I5-S,1204621,90.895
I5-N,1210106,91.078
I5-N,1204632,91.078
I5-S,1210121,91.525
I5-S,1204643,91.525
I5-N,1210115,91.588
I5-N,1204638,91.588
I5-S,1210305,91.995
I5-S,1204650,91.995
I5-S,1210326,92.095
I5-S,1204665,92.095
I5-N,1211117,92.258
I5-N,1204672,92.258
I5-S,1210272,92.425
I5-S,1204688,92.435
I5-N,1210270,92.488
I5-N,1204682,92.498
I5-S,1210255,92.785
I5-S,1204695,92.785
I5-N,1211133,92.848
I5-N,1204697,92.848
I80-W,317064,93.105
I80-W,313487,93.105
I80-E,316064,93.394
I80-E,316063,93.394
I5-S,1211854,93.445
I5-S,1211853,93.445
I5-N,1211856,93.508
I5-N,1204703,93.508
I80-W,315880,94.105
I80-W,314165,94.205
I5-S,1208955,94.295
I5-S,1204737,94.335
I5-N,1204729,94.358
I5-N,1204731,94.358
I5-N,1204748,94.458
I5-N,1204750,94.458
I80-E,316388,94.906
I80-E,316387,94.906
I5-S,1204759,94.945
I5-S,1204761,94.945
I5-N,1204757,95.008
I5-N,1204766,95.008
I5-S,1204777,95.245
I5-S,1204781,95.245
I5-S,1204796,95.295
I5-S,1204798,95.295
I5-N,1204779,95.308
I5-N,1204787,95.308
I5-N,1204806,95.458
I5-N,1204808,95.458
I5-S,1204814,95.695
I5-S,1204816,95.695
I5-N,1204823,95.758
I5-N,1204825,95.758
I80-W,315882,95.85
I80-W,314491,95.85
I5-S,1204839,95.885
I5-S,1204841,95.885
I80-E,317168,95.922
I80-E,316328,95.922
I80-W,315883,96
I80-W,314485,96
I80-E,317171,96.108
I80-E,316314,96.108
I5-N,1204859,96.308
I5-N,1204861,96.308
I5-S,1204884,96.695
I5-S,1204886,96.695
I5-N,1204876,96.758
I5-N,1204878,96.758
I5-S,1204902,97.035
I5-S,1204904,97.035
I5-N,1204922,97.338
I5-N,1204924,97.338
I5-N,1204935,97.408
I5-N,1204937,97.408
I80-W,315886,97.807
I80-W,314433,97.807
I80-E,315866,97.91
I80-E,314460,97.91
I5-S,1204942,97.995
I5-S,1204944,97.995
I80-W,315887,98.001
I80-W,314419,98.001
I5-N,1204956,98.058
I5-N,1204950,98.058
I80-E,315867,98.099
I80-E,314446,98.099
I5-S,1204965,98.545
I5-S,1204967,98.545
I5-N,1204980,98.818
I5-N,1204982,98.818
I5-S,1204995,98.855
I5-S,1204997,98.855
I5-N,1205010,99.068
I5-N,1205012,99.068
I5-S,1205026,99.618
I5-S,1205028,99.618
I5-N,1205043,99.801
I5-N,1205045,99.801
I5-N,1205069,99.811
I5-N,1205071,99.811
I5-S,1205060,99.888
I5-S,1205062,99.888
I80-W,315891,100
I80-W,313438,100
I80-W,315892,100.2
I80-W,313450,100.2
I5-S,1205105,100.288
I5-N,1205086,100.351
I5-N,1205088,100.351
I5-S,1205103,100.538
I5-S,1205120,101.208
I5-S,1205122,101.208
I5-N,1208537,101.491
I5-N,1205135,101.491
I5-S,1205139,101.888
I5-S,1208962,101.978
I5-N,1208365,102.041
I5-N,1205152,102.041
I80-E,318619,102.171
I80-W,318611,102.171
I80-E,318620,102.171
I80-W,318612,102.171
I5-N,1208975,102.251
I5-N,1205157,102.251
I5-S,1208993,102.388
I5-S,1205166,102.388
I5-N,1208989,102.451
I5-N,1205165,102.451
I5-S,1209014,102.588
I5-S,1205169,102.588
I5-N,1209011,102.651
I5-N,1205168,102.651
I5-N,1205175,103.051
I5-S,1209694,103.088
I5-S,1205182,103.088
I5-N,1209693,103.151
I80-E,318665,103.355
I80-W,318656,103.355
I80-E,318666,103.355
I80-W,316438,103.355
I5-S,1209728,103.418
I5-S,1205189,103.418
I5-N,1209727,103.481
I5-N,1205193,103.481
I80-W,318636,103.537
I80-W,316451,103.537
I5-S,1205198,103.588
I5-S,1205200,103.588
I80-E,318649,103.617
I80-E,318650,103.617
I5-N,1209746,103.651
I5-N,1205204,103.651
I5-S,1212046,103.788
I5-S,1205211,103.788
I5-N,1212047,103.851
I5-N,1205215,103.851
I5-N,1205225,103.981
I5-S,1205230,104.088
I5-N,1209764,104.151
I5-S,1209779,104.188
I80-W,318815,104.417
I80-W,318816,104.417
I5-S,1209826,104.438
I5-S,1205246,104.438
I80-E,318800,104.474
I80-E,318801,104.474
I5-N,1209827,104.501
I5-N,1205250,104.551
I80-E,318832,104.67
I80-E,318844,104.67
I5-N,1209931,104.751
I5-N,1205262,104.751
I80-E,318775,104.856
I80-W,318772,104.856
I80-E,318764,104.856
I80-W,318773,104.856
I80-W,318787,105.12
I80-W,318788,105.12
I5-S,1209950,105.188
I5-S,1205276,105.188
I5-S,1209967,105.388
I5-S,1205286,105.388
I5-N,1209965,105.451
I5-N,1205290,105.451
I5-S,1210000,105.488
I5-S,1205297,105.488
I5-S,1210031,105.988
I5-S,1205310,105.988
I5-S,1205324,106.288
I5-S,1210036,106.388
I5-N,1210034,106.451
I5-N,1205320,106.451
I5-S,1205335,106.488
I5-N,1205330,106.551
I5-S,1212014,106.588
I5-N,1212013,106.651
I5-S,1205353,106.788
I5-S,1205349,106.788
I5-N,1205373,107.251
I5-N,1205375,107.251
I5-N,1212268,107.351
I5-N,1205341,107.351
I5-S,1212236,107.388
I5-S,1205364,107.388
I5-S,1212147,107.588
I5-S,1212094,107.588
I5-S,1212249,107.788
I5-S,1205384,107.788
I5-N,1212247,107.851
I5-N,1205380,107.851
I5-S,1212149,108.498
I5-S,1205395,108.498
I5-N,1212150,108.651
I5-N,1212001,108.651
I5-S,1212230,108.668
I5-S,1205421,108.668
I5-N,1205406,108.731
I5-N,1205409,108.731
I5-S,1212225,108.788
I5-S,1212116,108.788
I5-N,1212224,108.851
I5-N,1212115,108.851
I5-S,1212219,109.188
I5-S,1212218,109.188
I5-N,1212217,109.251
I5-N,1212216,109.251
I5-N,1212179,109.631
I5-N,1205432,109.631
I5-S,1212184,109.668
I5-S,1205440,109.668
I5-N,1212191,109.951
I5-N,1205452,109.951
I5-S,1212195,110.188
I5-S,1205463,110.188
I5-N,1205471,110.351
I5-N,1205473,110.351
I5-S,1205482,110.668
I5-S,1205478,110.668
I5-N,1212627,111.151
I5-N,1205493,111.151
I5-S,1212661,111.188
I5-S,1212662,111.188
I5-S,1212644,111.488
I5-S,1212645,111.488
I5-N,1212648,111.551
I5-N,1212649,111.551
I5-N,1212689,111.851
I5-N,1205517,111.851
I5-S,1212579,112.228
I5-S,1205532,112.228
I5-N,1212578,112.291
I5-N,1205528,112.291
I5-S,1212594,112.688
I5-S,1205541,112.688
I5-N,1212595,112.751
I5-N,1212588,112.751
I5-N,1212565,112.951
I5-N,1205553,112.951
I5-S,1212610,113.168
I5-S,1212611,113.168
I5-N,1212609,113.231
I5-N,1205562,113.231
I5-S,1212673,113.528
I5-S,1205572,113.528
I5-N,1212672,113.591
I5-N,1205567,113.591
I5-S,1213417,113.988
I5-S,1205583,113.988
I5-N,1213418,114.051
I5-N,1205590,114.051
I5-S,1214008,114.088
I5-S,1214006,114.088
I5-N,1214007,114.151
I5-N,1214005,114.151
I5-S,1216518,114.708
I5-S,1205612,114.708
I5-N,1216517,114.771
I5-N,1205607,114.771
I5-S,1216508,114.888
I5-S,1216506,114.888
I5-N,1216507,114.951
I5-N,1216505,114.951
I5-N,1216485,115.261
I5-N,1205623,115.261
I5-S,1216408,115.488
I5-S,1205632,115.488
I5-N,1205636,115.531
I5-N,1216409,115.551
I5-N,1216582,115.851
I5-N,1205658,115.851
I5-S,1216532,116.088
I5-S,1216530,116.088
I5-S,1216566,116.388
I5-S,1205668,116.388
I5-S,771153,158.99
I5-S,759858,158.99
I5-N,771155,159.383
I5-N,759636,159.383
I5-N,774093,160.02
I5-N,774092,160.02
I5-N,771157,160.73
I5-N,718404,160.73
SR99-S,315830,287.082
SR99-S,314730,287.082
SR99-N,315828,287.23
SR99-N,313190,287.295
SR99-S,315832,287.583
SR99-S,314698,287.583
SR99-N,315831,287.615
SR99-N,314697,287.615
SR99-S,315833,288.105
SR99-S,314689,288.105
SR99-N,315827,288.25
SR99-N,313166,288.25
SR99-N,315823,288.47
SR99-N,313172,288.47
SR99-S,317933,288.855
SR99-S,317934,288.855
SR99-N,315826,288.88
SR99-N,313178,288.88
SR99-N,317956,289.274
SR99-N,317960,289.274
SR99-N,317947,289.423
SR99-N,317948,289.423
SR99-S,315872,289.978
SR99-S,312570,289.978
SR99-N,315834,290.003
SR99-N,314625,290.003
SR99-N,315841,290.626
SR99-S,316400,290.643
SR99-S,316399,290.643
SR99-N,312648,290.65
SR99-N,315842,290.724
SR99-N,312651,290.763
SR99-S,315835,290.766
SR99-S,314681,290.766
SR99-S,315837,291.475
SR99-S,314617,291.475
SR99-N,315836,291.549
SR99-N,312233,291.549
SR99-N,315838,291.93
SR99-N,312382,291.93
SR99-S,315839,292.119
SR99-S,314501,292.119
SR99-N,315822,292.38
SR99-N,312386,292.38
SR99-S,317902,292.745
SR99-S,317903,292.745
SR99-N,315843,292.77
SR99-N,312388,292.77
SR99-S,315846,293.055
SR99-S,312420,293.055
SR99-N,317909,293.08
SR99-N,317910,293.08
SR99-S,317998,293.389
SR99-S,317974,293.389
SR99-N,315847,293.42
SR99-N,312421,293.42
SR99-N,312422,293.97
SR99-N,315849,293.986
SR99-N,315850,294.27
SR99-N,312425,294.27
SR99-S,318028,294.665
SR99-S,318029,294.665
SR99-N,315852,294.69
SR99-N,312513,294.69
SR99-N,315853,295.27
SR99-N,312514,295.27
SR99-S,312517,295.273
SR99-S,315824,295.305
SR99-N,315873,295.47
SR99-N,312520,295.47
SR99-S,318035,295.982
SR99-S,318036,295.982
SR99-N,315854,296.007
SR99-N,312523,296.007
SR99-S,315858,296.308
SR99-S,313144,296.308
SR99-N,315855,296.335
SR99-N,312525,296.335
SR99-N,315856,296.54
SR99-N,312527,296.54
SR99-S,315857,297.045
SR99-S,312530,297.045
SR99-N,317895,297.07
SR99-N,317896,297.07
SR99-S,318858,297.63
SR99-S,318859,297.63
SR99-N,315825,297.655
SR99-N,312562,297.655
SR99-S,315874,297.865
SR99-S,312564,297.865
SR99-N,318565,297.89
SR99-N,318566,297.89
SR99-S,315875,298.471
SR99-S,312566,298.471
SR99-N,318576,298.5
SR99-N,318575,298.5